mjd,w1mpro_ep,w1sigmpro_ep,w2mpro_ep,w2sigmpro_ep,w1_w2,err_w1_w2
56706.339562205,12.3255,0.024499999999999744,12.258,0.06299999999999974,0.06750000000000078,0.06759622770539754
56896.3200247,12.334,0.023,12.324,0.047,0.009999999999999787,0.05232590180780452
57624.67562192,12.336500000000001,0.019499999999999837,12.290500000000002,0.012500000000000178,0.045999999999999375,0.0231624696438009
57791.163906400005,12.345500000000001,0.0034999999999999172,12.34,0.04299999999999926,0.005500000000001393,0.04314220671222018
58354.56095294,12.362,0.028,12.396,0.047,-0.034000000000000696,0.05470831746635972
58719.86366525,12.366,0.0030000000000001137,12.343499999999999,0.031500000000000306,0.022500000000000853,0.0316425346645938
59608.47286287,12.389,0.032,12.466,0.047,-0.07699999999999996,0.056859475903317996
