mjd,w1mpro_ep,w1sigmpro_ep,w2mpro_ep,w2sigmpro_ep,w1_w2,err_w1_w2
56712.16832328,11.871,0.0039999999999995595,11.8545,0.028499999999999304,0.016500000000000625,0.028779332862315567
57071.41617671,11.863,0.02,11.81,0.033,0.05299999999999905,0.03858756276314948
57432.635471500005,11.8825,0.0004999999999996242,11.8875,0.02450000000000067,-0.004999999999999005,0.024505101509686354
57632.30794299,11.881,0.022,11.894,0.036,-0.0129999999999999,0.042190046219457975
58362.577627995,11.8735,0.01950000000000074,11.8965,0.022499999999999926,-0.022999999999999687,0.02977414986191924
58885.895314794994,11.979,0.007000000000000639,12.1095,0.02850000000000016,-0.1305000000000014,0.029347061181658685
59091.19360652,11.854,0.035,11.874,0.035,-0.02000000000000135,0.04949747468305833
59457.403655497495,11.897,0.006295942255841146,11.923,0.017283799632306952,-0.0259999999999998,0.018394798683829625
