mjd,w1mpro_ep,w1sigmpro_ep,w2mpro_ep,w2sigmpro_ep,w1_w2,err_w1_w2
58741.704906963074,12.231,0.026495450592076378,12.09,0.04553116294667507,0.14100000000000001,0.0526791771134842
58899.429830440014,12.102,0.021264964073997493,11.89,0.05371589233548158,0.21199999999999974,0.05777192905265889
59108.82238551499,11.985,0.018217298239775862,11.756499999999999,0.04333169067399351,0.22850000000000037,0.04700537598853558
59263.703224954625,11.931,0.029114510525286852,11.711,0.04743067471376625,0.21999999999999886,0.05565360389885046
59472.926446011,11.9105,0.06918393889394434,11.663499999999999,0.09261251082058986,0.24700000000000166,0.11560058201140207
59630.75871905454,11.869,0.02263247480198866,11.605,0.05104419408026366,0.26399999999999935,0.0558367143102661
59837.130395958346,11.8485,0.02252130342157593,11.5595,0.04576755208146261,0.2889999999999997,0.05100860644377653
