mjd,w1mpro_ep,w1sigmpro_ep,w2mpro_ep,w2sigmpro_ep,w1_w2,err_w1_w2
56681.871255295,10.373999999999999,0.027999999999999556,10.151499999999999,0.0004999999999997457,0.22250000000000014,0.028004463929880444
56860.43226214,10.476,0.016,10.208,0.017,0.2680000000000007,0.023345235059857503
57046.162290405,10.387,0.048000000000000036,10.14,0.00700000000000061,0.2469999999999999,0.04850773134253974
57940.86270042,10.434,0.022,10.219,0.018,0.21499999999999986,0.02842534080710379
58504.81771264,10.807,0.021,10.656,0.022,0.1509999999999998,0.0304138126514911
59236.2453685,11.137,0.026,11.32,0.033,-0.18299999999999983,0.04201190307520001
59600.40842128,11.09,0.023,11.054,0.028,0.03599999999999959,0.03623534186398688
