mjd,w1mpro_ep,w1sigmpro_ep,w2mpro_ep,w2sigmpro_ep,w1_w2,err_w1_w2
56750.284737985,8.6428807,0.004455700000000284,8.263237,0.008467100000000727,0.37964369999999903,0.009567917479787063
57476.244765525,8.734974865,0.07080916500000001,8.35053225,0.0768463499999994,0.3844426149999993,0.10449545136664866
57843.60922038,8.83743387,0.17539669324134932,8.5877379,0.19429101883514843,0.24969596999999943,0.2617498806112431
58011.7790294,8.884789399999999,0.1754665210232425,8.6582213,0.1927731827822532,0.22656809999999972,0.2606722079547415
58371.87927237,9.062,0.017,8.866,0.013,0.19599999999999973,0.0214009345590327
58739.04003116,9.009,0.017,8.787,0.014,0.22199999999999953,0.022022715545545243
58939.156989,9.084,0.021,8.918,0.015,0.16600000000000037,0.025806975801127882
59467.13474243,9.193,0.02,9.018,0.017,0.17499999999999893,0.026248809496813377
