mjd,w1mpro_ep,w1sigmpro_ep,w2mpro_ep,w2sigmpro_ep,w1_w2,err_w1_w2
57156.71855293,9.749,0.017,9.78,0.021,-0.030999999999998806,0.027018512172212593
57332.25593058,9.211,0.021,9.007,0.014,0.20400000000000063,0.025238858928247926
57520.99416619,9.684,0.019,9.599,0.02,0.08499999999999908,0.02758622844826744
57692.29695547,9.816,0.018,9.777,0.022,0.03900000000000148,0.02842534080710379
58251.75704583,9.672,0.017,9.643,0.018,0.028999999999999915,0.024758836806279896
58980.18552483,9.8005,0.025500000000000102,9.805,0.03399999999999972,-0.0045000000000001705,0.042499999999999837
59347.22474854,9.709,0.017,9.726,0.02,-0.017000000000001236,0.026248809496813377
59711.39589601,9.703,0.017,9.787,0.022,-0.0840000000000014,0.027802877548915687
59876.40151644,9.821,0.018,9.785,0.019,0.03599999999999959,0.0261725046566048
