mjd,w1mpro_ep,w1sigmpro_ep,w2mpro_ep,w2sigmpro_ep,w1_w2,err_w1_w2
57340.06049661,10.908,0.019,10.849,0.024,0.058999999999999275,0.030610455730027936
57700.332510509994,10.917,0.016408968196938267,10.879,0.00499599839871904,0.038000000000000256,0.017152674347988266
58063.24229212,10.952,0.02,10.851,0.024,0.10099999999999909,0.031240998703626618
59154.67468931,10.961,0.02,10.888,0.024,0.0730000000000004,0.031240998703626618
59719.74887508,11.159,0.021,11.27,0.029,-0.11099999999999888,0.03580502757993632
59886.24359005,10.949,0.02,10.984,0.026,-0.03500000000000014,0.03280243893371345
