mjd,w1mpro_ep,w1sigmpro_ep,w2mpro_ep,w2sigmpro_ep,w1_w2,err_w1_w2
57940.63349208,9.011,0.016,8.721,0.016,0.28999999999999915,0.02262741699796952
58306.265292715005,9.088999999999999,0.05299999999999986,8.8215,0.09849999999999959,0.2674999999999983,0.11185369908947984
58671.09407657667,9.018,0.01108957724190886,8.728,0.024026275299386377,0.2900000000000009,0.026462060164812694
59035.21302778,9.125,0.224963052521964,8.867999999999999,0.14245922777745057,0.25700000000000145,0.26627618477615955
59196.59026704,9.223,0.018,9.083,0.016,0.14000000000000057,0.024083189157584593
59402.82559060572,9.055,0.03897668300640541,8.768,0.050859282994028,0.28699999999999903,0.06407689509369534
59564.31240929,9.089,0.018,8.768,0.014,0.32099999999999973,0.022803508501982758
59766.334149955,8.9745273,0.009085299999998853,8.691020400000001,0.0,0.283506899999999,0.009085299999998853
